{"cameraMode":{"drawMode":0,"name":"Shaded","section":"Shading Mode"},"sceneLighting":false,"audioPlay":false,"sceneViewState":{"showFog":true,"showMaterialUpdate":false,"showSkybox":true,"showFlares":true,"showImageEffects":true,"showParticleSystems":true},"in2DMode":false,"pivot":{"x":-0.4700000286102295,"y":0.4100000262260437,"z":6.110000133514404},"rotation":{"x":-0.1596476435661316,"y":0.6727433204650879,"z":-0.15207096934318543,"w":-0.7062609791755676},"size":2.2463972568511965,"orthographic":false}